[{
    "SHORTTITLE":"Vivamus sit Amet Urna a Lectus Ornare Finibu a",
    "TYPE":"Memo - DL",
    "REVIEWSTATUS":"Pending",
    "DEADLINE":"Feb - 12 - 2021"
},
{
    "SHORTTITLE":"Vivamus sit Amet Urna a Lectus Ornare Finibu a",
    "TYPE":"Memo - CD",
    "REVIEWSTATUS":"Peer Review",
    "DEADLINE":"June - 12 - 2021"
},
{
    "SHORTTITLE":"Vivamus sit Amet Urna a Lectus Ornare Finibu a",
    "TYPE":"Report",
    "REVIEWSTATUS":"Section",
    "DEADLINE":"Apr - 12 - 2021"
},
{
    "SHORTTITLE":"Vivamus sit Amet Urna a Lectus Ornare Finibu a",
    "TYPE":"Memo - DL",
    "REVIEWSTATUS":"Division",
    "DEADLINE":"Feb - 12 - 2021"
},
{
    "SHORTTITLE":"Vivamus sit Amet Urna a Lectus Ornare Finibu a",
    "TYPE":"Memo - DL",
    "REVIEWSTATUS":"N/A",
    "DEADLINE":"June - 12 - 2021"
},
{
    "SHORTTITLE":"Vivamus sit Amet Urna a Lectus Ornare Finibu a",
    "TYPE":"Memo - DL",
    "REVIEWSTATUS":"Pending",
    "DEADLINE":"Apr - 12 - 2021"
}]